BEGIN TRANSACTION;
CREATE TABLE IF NOT EXISTS "django_migrations" (
	"id"	integer NOT NULL,
	"app"	varchar(255) NOT NULL,
	"name"	varchar(255) NOT NULL,
	"applied"	datetime NOT NULL,
	PRIMARY KEY("id" AUTOINCREMENT)
);
CREATE TABLE IF NOT EXISTS "niveles" (
	"id"	integer NOT NULL,
	"nivel"	varchar(150) NOT NULL UNIQUE,
	"color_fondo"	varchar(30) NOT NULL,
	"color_letra"	varchar(30) NOT NULL,
	PRIMARY KEY("id" AUTOINCREMENT)
);
CREATE TABLE IF NOT EXISTS "profesores_niveles" (
	"id"	integer NOT NULL,
	"profesor_id"	varchar(5) NOT NULL,
	"nivel_id"	bigint NOT NULL,
	FOREIGN KEY("profesor_id") REFERENCES "profesores"("id") DEFERRABLE INITIALLY DEFERRED,
	FOREIGN KEY("nivel_id") REFERENCES "niveles"("id") DEFERRABLE INITIALLY DEFERRED,
	PRIMARY KEY("id" AUTOINCREMENT)
);
CREATE TABLE IF NOT EXISTS "Estudiantes_Profesores_asistencia" (
	"id"	integer NOT NULL,
	"estado"	varchar(15) NOT NULL,
	"dia"	date NOT NULL,
	"hora"	time NOT NULL,
	"estudiante_id"	bigint NOT NULL,
	"picadero_id"	bigint,
	FOREIGN KEY("estudiante_id") REFERENCES "registros"("id") DEFERRABLE INITIALLY DEFERRED,
	FOREIGN KEY("picadero_id") REFERENCES "picaderos"("id") DEFERRABLE INITIALLY DEFERRED,
	PRIMARY KEY("id" AUTOINCREMENT)
);
CREATE TABLE IF NOT EXISTS "profesores" (
	"id"	varchar(5) NOT NULL,
	"horarios"	varchar(300) NOT NULL,
	"trabaja_sabado"	bool NOT NULL,
	"usuario_id"	varchar(10) NOT NULL UNIQUE,
	FOREIGN KEY("usuario_id") REFERENCES "usuarios"("id") DEFERRABLE INITIALLY DEFERRED,
	PRIMARY KEY("id")
);
CREATE TABLE IF NOT EXISTS "usuarios" (
	"id"	varchar(10) NOT NULL,
	"password"	varchar(128) NOT NULL,
	"last_login"	datetime,
	"usuario"	varchar(50) NOT NULL UNIQUE,
	"nombres"	varchar(50) NOT NULL,
	"apellidos"	varchar(25) NOT NULL,
	"cedula"	varchar(25) NOT NULL UNIQUE,
	"fecha_nacimiento"	date NOT NULL,
	"email"	varchar(254) NOT NULL UNIQUE,
	"estado"	bool NOT NULL,
	"administrador"	bool NOT NULL,
	"celular"	varchar(10) NOT NULL UNIQUE,
	PRIMARY KEY("id")
);
CREATE TABLE IF NOT EXISTS "django_admin_log" (
	"id"	integer NOT NULL,
	"object_id"	text,
	"object_repr"	varchar(200) NOT NULL,
	"action_flag"	smallint unsigned NOT NULL CHECK("action_flag" >= 0),
	"change_message"	text NOT NULL,
	"content_type_id"	integer,
	"user_id"	varchar(10) NOT NULL,
	"action_time"	datetime NOT NULL,
	FOREIGN KEY("content_type_id") REFERENCES "django_content_type"("id") DEFERRABLE INITIALLY DEFERRED,
	FOREIGN KEY("user_id") REFERENCES "usuarios"("id") DEFERRABLE INITIALLY DEFERRED,
	PRIMARY KEY("id" AUTOINCREMENT)
);
CREATE TABLE IF NOT EXISTS "django_content_type" (
	"id"	integer NOT NULL,
	"app_label"	varchar(100) NOT NULL,
	"model"	varchar(100) NOT NULL,
	PRIMARY KEY("id" AUTOINCREMENT)
);
CREATE TABLE IF NOT EXISTS "auth_group_permissions" (
	"id"	integer NOT NULL,
	"group_id"	integer NOT NULL,
	"permission_id"	integer NOT NULL,
	FOREIGN KEY("permission_id") REFERENCES "auth_permission"("id") DEFERRABLE INITIALLY DEFERRED,
	FOREIGN KEY("group_id") REFERENCES "auth_group"("id") DEFERRABLE INITIALLY DEFERRED,
	PRIMARY KEY("id" AUTOINCREMENT)
);
CREATE TABLE IF NOT EXISTS "auth_permission" (
	"id"	integer NOT NULL,
	"content_type_id"	integer NOT NULL,
	"codename"	varchar(100) NOT NULL,
	"name"	varchar(255) NOT NULL,
	FOREIGN KEY("content_type_id") REFERENCES "django_content_type"("id") DEFERRABLE INITIALLY DEFERRED,
	PRIMARY KEY("id" AUTOINCREMENT)
);
CREATE TABLE IF NOT EXISTS "auth_group" (
	"id"	integer NOT NULL,
	"name"	varchar(150) NOT NULL UNIQUE,
	PRIMARY KEY("id" AUTOINCREMENT)
);
CREATE TABLE IF NOT EXISTS "django_session" (
	"session_key"	varchar(40) NOT NULL,
	"session_data"	text NOT NULL,
	"expire_date"	datetime NOT NULL,
	PRIMARY KEY("session_key")
);
CREATE TABLE IF NOT EXISTS "picaderos" (
	"id"	integer NOT NULL,
	"nombre"	varchar(100) NOT NULL UNIQUE,
	"max_estudiantes"	integer NOT NULL,
	"max_profesores"	integer NOT NULL,
	"slug"	varchar(50) UNIQUE,
	"nivel_id"	bigint UNIQUE,
	FOREIGN KEY("nivel_id") REFERENCES "niveles"("id") DEFERRABLE INITIALLY DEFERRED,
	PRIMARY KEY("id" AUTOINCREMENT)
);
CREATE TABLE IF NOT EXISTS "registros" (
	"id"	integer NOT NULL,
	"pagado"	bool NOT NULL,
	"estudiante_id"	bigint NOT NULL UNIQUE,
	"nivel_id"	bigint,
	"profesor_id"	varchar(5),
	FOREIGN KEY("estudiante_id") REFERENCES "estudiantes"("id") DEFERRABLE INITIALLY DEFERRED,
	FOREIGN KEY("nivel_id") REFERENCES "niveles"("id") DEFERRABLE INITIALLY DEFERRED,
	FOREIGN KEY("profesor_id") REFERENCES "profesores"("id") DEFERRABLE INITIALLY DEFERRED,
	PRIMARY KEY("id" AUTOINCREMENT)
);
CREATE TABLE IF NOT EXISTS "Estudiantes_Profesores_calendario" (
	"id"	integer NOT NULL,
	"diaClase"	varchar(10) NOT NULL,
	"inicioClase"	date NOT NULL,
	"finClase"	date NOT NULL,
	"horaClase"	time NOT NULL,
	"registro_id"	bigint,
	"estado"	bool NOT NULL,
	FOREIGN KEY("registro_id") REFERENCES "registros"("id") DEFERRABLE INITIALLY DEFERRED,
	PRIMARY KEY("id" AUTOINCREMENT)
);
CREATE TABLE IF NOT EXISTS "infoPicaderos" (
	"id"	integer NOT NULL,
	"hora"	time NOT NULL,
	"picadero_id"	bigint NOT NULL,
	"dia"	varchar(15) NOT NULL,
	FOREIGN KEY("picadero_id") REFERENCES "picaderos"("id") DEFERRABLE INITIALLY DEFERRED,
	PRIMARY KEY("id" AUTOINCREMENT)
);
CREATE TABLE IF NOT EXISTS "clasesOlvidadas" (
	"id"	integer NOT NULL,
	"profesor_id"	varchar(5),
	"calendario_id"	bigint NOT NULL,
	FOREIGN KEY("calendario_id") REFERENCES "Estudiantes_Profesores_calendario"("id") DEFERRABLE INITIALLY DEFERRED,
	FOREIGN KEY("profesor_id") REFERENCES "profesores"("id") DEFERRABLE INITIALLY DEFERRED,
	PRIMARY KEY("id" AUTOINCREMENT)
);
CREATE TABLE IF NOT EXISTS "HistorialClases" (
	"id"	integer NOT NULL,
	"estado"	bool NOT NULL,
	"InfoPicadero_id"	bigint NOT NULL,
	"clase_id"	bigint NOT NULL,
	"fecha_cancelacion"	date,
	"dia"	date NOT NULL,
	FOREIGN KEY("clase_id") REFERENCES "clasesOlvidadas"("id") DEFERRABLE INITIALLY DEFERRED,
	FOREIGN KEY("InfoPicadero_id") REFERENCES "infoPicaderos"("id") DEFERRABLE INITIALLY DEFERRED,
	PRIMARY KEY("id" AUTOINCREMENT)
);
CREATE TABLE IF NOT EXISTS "Estudiantes_Profesores_servicio" (
	"id"	integer NOT NULL,
	"nombre"	varchar(55) NOT NULL,
	"descripcion"	varchar(50),
	"tipo_clase"	varchar(15) NOT NULL,
	PRIMARY KEY("id" AUTOINCREMENT)
);
CREATE TABLE IF NOT EXISTS "estudiantes" (
	"id"	integer NOT NULL,
	"nombre_completo"	varchar(150) NOT NULL,
	"fecha_nacimiento"	date NOT NULL,
	"documento"	bigint NOT NULL UNIQUE,
	"celular"	integer,
	"email"	varchar(254) UNIQUE,
	"seguro"	varchar(500) NOT NULL,
	"poliza"	varchar(150) NOT NULL,
	"comprobante_seguro_medico"	bool NOT NULL,
	"comprobante_documento_identidad"	bool NOT NULL,
	"nombre_completo_madre"	varchar(150),
	"cedula_madre"	integer UNIQUE,
	"celular_madre"	integer,
	"email_madre"	varchar(254) UNIQUE,
	"nombre_completo_padre"	varchar(150),
	"cedula_padre"	integer UNIQUE,
	"celular_padre"	integer,
	"email_padre"	varchar(254) UNIQUE,
	"direccion"	varchar(500) NOT NULL,
	"barrio"	varchar(500) NOT NULL,
	"ciudad"	varchar(150) NOT NULL,
	"nombre_contactoE"	varchar(100) NOT NULL,
	"telefono_contactoE"	integer NOT NULL,
	"relacion_contactoE"	varchar(100) NOT NULL,
	"documento_A"	varchar(100) NOT NULL,
	"seguro_A"	varchar(100) NOT NULL,
	"tipo_clase"	varchar(15) NOT NULL,
	"estado"	bool NOT NULL,
	"aceptaContrato"	bool NOT NULL,
	"fecha_inscripcion"	date NOT NULL,
	"exoneracion"	varchar(100) NOT NULL,
	"facturacion_electronica"	bool NOT NULL,
	"tipo_servicio_id"	bigint,
	"primer_apellido"	varchar(50) NOT NULL,
	"primer_nombre"	varchar(50) NOT NULL,
	"segundo_apellido"	varchar(50) NOT NULL,
	"segundo_nombre"	varchar(50),
	"direccion_facturar"	varchar(500),
	"email_facturar"	varchar(254) UNIQUE,
	"identificacion_facturar"	integer UNIQUE,
	"nombre_facturar"	varchar(150),
	"autorizaClub"	bool NOT NULL,
	"nota"	varchar(1000),
	FOREIGN KEY("tipo_servicio_id") REFERENCES "Estudiantes_Profesores_servicio"("id") DEFERRABLE INITIALLY DEFERRED,
	PRIMARY KEY("id" AUTOINCREMENT)
);
INSERT INTO "django_migrations" ("id","app","name","applied") VALUES (1,'Usuarios','0001_initial','2022-10-05 23:55:18.097897'),
 (2,'Niveles','0001_initial','2022-10-05 23:55:18.129903'),
 (3,'Estudiantes_Profesores','0001_initial','2022-10-05 23:55:18.228924'),
 (4,'Usuarios','0002_alter_usuario_id','2022-10-05 23:55:18.284940'),
 (5,'Usuarios','0003_alter_usuario_cedula','2022-10-05 23:55:18.321945'),
 (6,'Usuarios','0004_alter_usuario_celular','2022-10-05 23:55:18.399964'),
 (7,'contenttypes','0001_initial','2022-10-05 23:55:18.422969'),
 (8,'admin','0001_initial','2022-10-05 23:55:18.470980'),
 (9,'admin','0002_logentry_remove_auto_add','2022-10-05 23:55:18.510989'),
 (10,'admin','0003_logentry_add_action_flag_choices','2022-10-05 23:55:18.536993'),
 (11,'contenttypes','0002_remove_content_type_name','2022-10-05 23:55:18.600009'),
 (12,'auth','0001_initial','2022-10-05 23:55:18.693028'),
 (13,'auth','0002_alter_permission_name_max_length','2022-10-05 23:55:18.744041'),
 (14,'auth','0003_alter_user_email_max_length','2022-10-05 23:55:18.767048'),
 (15,'auth','0004_alter_user_username_opts','2022-10-05 23:55:18.797051'),
 (16,'auth','0005_alter_user_last_login_null','2022-10-05 23:55:18.823060'),
 (17,'auth','0006_require_contenttypes_0002','2022-10-05 23:55:18.841063'),
 (18,'auth','0007_alter_validators_add_error_messages','2022-10-05 23:55:18.868068'),
 (19,'auth','0008_alter_user_username_max_length','2022-10-05 23:55:18.893894'),
 (20,'auth','0009_alter_user_last_name_max_length','2022-10-05 23:55:18.921898'),
 (21,'auth','0010_alter_group_name_max_length','2022-10-05 23:55:18.970910'),
 (22,'auth','0011_update_proxy_permissions','2022-10-05 23:55:19.004915'),
 (23,'auth','0012_alter_user_first_name_max_length','2022-10-05 23:55:19.033921'),
 (24,'sessions','0001_initial','2022-10-05 23:55:19.070931'),
 (25,'Estudiantes_Profesores','0002_estudiante_aceptacontrato_and_more','2022-10-06 22:33:36.203860'),
 (26,'Usuarios','0005_alter_usuario_apellidos_alter_usuario_celular_and_more','2022-10-06 22:33:36.252077'),
 (27,'Estudiantes_Profesores','0003_alter_estudiante_aceptacontrato','2022-10-06 22:42:25.337706'),
 (28,'Estudiantes_Profesores','0004_auto_20221006_2224','2022-10-21 14:21:14.116186'),
 (29,'Estudiantes_Profesores','0005_auto_20221007_0830','2022-10-21 14:21:14.433506'),
 (30,'Estudiantes_Profesores','0006_auto_20221007_1005','2022-10-21 14:21:14.654847'),
 (31,'Estudiantes_Profesores','0007_auto_20221007_1230','2022-10-21 14:21:14.830957'),
 (32,'Estudiantes_Profesores','0008_auto_20221013_1656','2022-10-21 14:21:14.906908'),
 (33,'Estudiantes_Profesores','0009_alter_estudiante_fecha_nacimiento','2022-10-21 14:21:14.939924'),
 (34,'Picaderos','0001_initial','2022-10-21 14:21:15.174526'),
 (35,'Picaderos','0002_picadero_slug','2022-10-21 14:21:15.334910'),
 (36,'Picaderos','0003_alter_picadero_slug','2022-10-21 14:21:15.424517'),
 (37,'Picaderos','0004_auto_20221007_1650','2022-10-21 14:21:15.652563'),
 (38,'Picaderos','0005_alter_picadero_nivel','2022-10-21 14:21:15.854601'),
 (39,'Picaderos','0006_auto_20221013_1418','2022-10-21 14:21:15.959727'),
 (40,'Picaderos','0007_auto_20221013_1438','2022-10-21 14:21:16.221522'),
 (41,'Picaderos','0008_auto_20221013_1607','2022-10-21 14:21:16.332988'),
 (42,'Picaderos','0009_alter_infopicadero_hora','2022-10-21 14:21:16.368989'),
 (43,'Picaderos','0010_alter_infopicadero_hora','2022-10-21 14:21:16.534387'),
 (44,'Picaderos','0011_infopicadero_dia','2022-10-21 14:21:16.627587'),
 (45,'Picaderos','0012_alter_picadero_nivel','2022-10-21 14:21:16.800622'),
 (46,'Estudiantes_Profesores','0010_calendario_registro_calendario','2022-10-21 15:04:04.188899'),
 (47,'Estudiantes_Profesores','0011_auto_20221021_1016','2022-10-21 15:16:22.518477'),
 (48,'Estudiantes_Profesores','0012_auto_20221021_1020','2022-10-21 15:20:59.484874'),
 (49,'Estudiantes_Profesores','0013_auto_20221021_1137','2022-10-21 16:37:21.543880'),
 (50,'Estudiantes_Profesores','0014_auto_20221021_1146','2022-10-21 16:46:32.823883'),
 (51,'Estudiantes_Profesores','0015_registro_inicioclase','2022-10-21 16:54:23.991900'),
 (52,'Estudiantes_Profesores','0016_auto_20221021_1505','2022-10-21 20:05:07.011040'),
 (53,'Estudiantes_Profesores','0017_rename_firma_estudiante_exoneracion','2022-10-26 15:14:52.104905'),
 (54,'Estudiantes_Profesores','0018_merge_20221024_1304','2022-10-26 15:14:52.120910'),
 (55,'Estudiantes_Profesores','0019_asistencia_picadero','2022-10-26 15:14:52.232919'),
 (56,'Estudiantes_Profesores','0020_alter_calendario_diaclase','2022-10-26 15:14:52.280925'),
 (57,'Estudiantes_Profesores','0021_remove_registro_inicioclase','2022-10-26 15:14:52.320931'),
 (58,'Estudiantes_Profesores','0022_alter_calendario_registro','2022-10-26 15:14:52.376935'),
 (59,'Estudiantes_Profesores','0023_calendario_estado','2022-10-28 20:31:23.760073'),
 (60,'Picaderos','0013_infopicadero_estado','2022-10-28 20:31:23.787002'),
 (61,'Picaderos','0014_remove_infopicadero_estado','2022-10-28 20:31:23.812996'),
 (62,'Picaderos','0015_alter_clase_estudiante','2022-10-28 20:31:23.848003'),
 (63,'Picaderos','0016_rename_estudiante_clase_clase','2022-10-28 20:31:23.883010'),
 (64,'Picaderos','0017_rename_clase_clase_calendario','2022-10-28 20:31:23.914653'),
 (65,'Picaderos','0018_auto_20221028_1146','2022-10-28 20:31:23.964699'),
 (66,'Picaderos','0019_auto_20221028_1152','2022-10-28 20:31:23.995997'),
 (67,'Picaderos','0020_estadoclase_dia','2022-10-30 19:23:42.086514'),
 (68,'Picaderos','0021_alter_estadoclase_dia','2022-10-30 19:30:38.877579'),
 (69,'Picaderos','0022_alter_estadoclase_dia_alter_estadoclase_table','2022-10-30 19:53:05.670981'),
 (70,'Picaderos','0023_alter_estadoclase_dia_alter_estadoclase_table','2022-10-30 19:53:30.437890'),
 (71,'Picaderos','0024_alter_clase_calendario_alter_estadoclase_dia','2022-10-30 20:53:38.201444'),
 (72,'Estudiantes_Profesores','0024_auto_20221102_1231','2022-11-09 20:14:35.240514'),
 (73,'Estudiantes_Profesores','0025_auto_20221102_1245','2022-11-09 20:14:35.283830'),
 (74,'Estudiantes_Profesores','0026_auto_20221102_1253','2022-11-09 20:14:35.317853'),
 (75,'Estudiantes_Profesores','0027_auto_20221102_1257','2022-11-09 20:14:35.374830'),
 (76,'Estudiantes_Profesores','0028_auto_20221102_1258','2022-11-09 20:14:35.431829'),
 (77,'Estudiantes_Profesores','0029_auto_20221102_1315','2022-11-09 20:14:35.498835'),
 (78,'Estudiantes_Profesores','0030_estudiante_facturacion_electronica','2022-11-09 20:14:35.545832'),
 (79,'Estudiantes_Profesores','0031_auto_20221109_1501','2022-11-09 20:14:35.622833'),
 (80,'Picaderos','0020_auto_20221030_2040','2022-11-09 20:14:35.688832'),
 (81,'Picaderos','0025_merge_20221031_1004','2022-11-09 20:14:35.708834'),
 (82,'Picaderos','0026_auto_20221031_1131','2022-11-09 20:14:35.771322'),
 (83,'Picaderos','0027_alter_estadoclase_dia','2022-11-09 20:14:35.824316'),
 (84,'Picaderos','0028_alter_estadoclase_dia','2022-11-09 20:14:35.880322'),
 (85,'Estudiantes_Profesores','0032_remove_servicio_tipo_servicio_tipo_clase','2022-11-09 20:30:48.315538'),
 (86,'Estudiantes_Profesores','0033_alter_servicio_nombre','2022-11-09 20:33:47.143259'),
 (87,'Estudiantes_Profesores','0034_alter_servicio_descripcion','2022-11-09 20:34:34.060593'),
 (88,'Estudiantes_Profesores','0035_remove_servicio_tipo_clase','2022-12-19 18:26:13.299929'),
 (89,'Estudiantes_Profesores','0036_servicio_tipo_clase','2022-12-19 18:26:13.344899'),
 (90,'Estudiantes_Profesores','0037_alter_estudiante_documento','2022-12-19 18:50:30.316905'),
 (91,'Estudiantes_Profesores','0038_alter_estudiante_comprobante_documento_identidad_and_more','2022-12-20 13:14:42.814910'),
 (92,'Estudiantes_Profesores','0039_estudiante_primer_apellido_estudiante_primer_nombre_and_more','2022-12-20 14:52:16.282018'),
 (93,'Estudiantes_Profesores','0040_alter_estudiante_primer_apellido_and_more','2022-12-20 14:52:16.353012'),
 (94,'Estudiantes_Profesores','0041_remove_estudiante_barrio_a_and_more','2022-12-20 18:37:39.608271'),
 (95,'Estudiantes_Profesores','0042_estudiante_direccion_facturar_and_more','2022-12-20 18:54:07.370169'),
 (96,'Estudiantes_Profesores','0043_alter_estudiante_cedula_madre_and_more','2022-12-20 20:07:42.801828'),
 (97,'Estudiantes_Profesores','0044_estudiante_autorizaclub','2022-12-20 20:44:56.173652'),
 (98,'Estudiantes_Profesores','0045_estudiante_nota','2022-12-20 21:20:56.851654');
INSERT INTO "niveles" ("id","nivel","color_fondo","color_letra") VALUES (1,'INTERMEDIO','#ff0000','#000000'),
 (2,'CLASE PRUEBA','#0008ff','#ffffff'),
 (3,'prueba','#1eff00','#ff0000');
INSERT INTO "profesores_niveles" ("id","profesor_id","nivel_id") VALUES (19,'P2J',1),
 (23,'PP',1),
 (25,'TX',1),
 (26,'TX',2),
 (27,'TX',3),
 (29,'P22',2);
INSERT INTO "profesores" ("id","horarios","trabaja_sabado","usuario_id") VALUES ('TX','[{"day": "Mi\u00e9rcoles", "from": "07:20", "through": "19:20"}, {"day": "Lunes", "from": "07:20", "through": "19:20"}, {"day": "Domingo", "from": "04:06", "through": "16:06"}, {"day": "Jueves", "from": "07:29", "through": "19:29"}]',1,'TX'),
 ('P22','[{"day": "Lunes", "from": "10:45", "through": "22:45"}, {"day": "Martes", "from": "02:21", "through": "17:21"}, {"day": "Jueves", "from": "12:00", "through": "00:00"}]',1,'P22'),
 ('P2J','[{"day": "Mi\u00e9rcoles", "from": "07:20", "through": "19:20"}, {"day": "Lunes", "from": "07:20", "through": "19:20"}, {"day": "S\u00e1bado", "from": "04:23", "through": "16:23"}]',1,'P2J'),
 ('PP','[{"day": "Mi\u00e9rcoles", "from": "11:39", "through": "23:39"}, {"day": "Lunes", "from": "11:39", "through": "23:39"}]',0,'PP');
INSERT INTO "usuarios" ("id","password","last_login","usuario","nombres","apellidos","cedula","fecha_nacimiento","email","estado","administrador","celular") VALUES ('','pbkdf2_sha256$260000$8oAOKpM9ReKn2BhyON9FFW$8KT2n/0vCUWj80+/is0YXmxcU/cFYHYDWCFrTJZdupk=','2022-12-20 14:37:41.326269','admin','admin','admin','1234567890','2000-10-10','admin@admin.admin',1,1,'1234567890'),
 ('TX','pbkdf2_sha256$260000$QGCRQHJprOTs0ivMM2lsMC$+H17S537mzXGeuMM3GX1hkxBUjR0plgEzEwAhJ8afY0=','2022-10-06 00:57:14.092184','Profesor 1','Teacher','Xd','1234567891','2022-10-13','jhafsk@thj.com',1,0,'1234567891'),
 ('P22','pbkdf2_sha256$390000$6dBVpVX6wvnOEcfDO1acbu$eXZzv/JB7fj3pDX1VgRurT683f5oYwCuzNsDO1IZk7A=',NULL,'profe 2','profesor 2','2','244213','2004-02-13','profe2@gmail.com',1,0,'423'),
 ('P2J','pbkdf2_sha256$260000$1QRBjbmI0iCE7azSu4nnDb$1lOkgZzqsuWde0e2Fhdr9abKUBDyNR9N2ERh5JKYJ6E=',NULL,'Profesor 2','Profesor 2','2','1234567892','2000-03-01','jhas@gh.com',1,0,'1234567892'),
 ('PP','pbkdf2_sha256$390000$X5DiItkKMa6tYwMHqFsTeb$HyqN5o6N/vCmmmqScFh5fHEy7+mAlDpG3PtElPm3wAU=','2022-10-31 16:40:19.368800','Profesor de prueba','Prueba','pe1234','1234567894','2000-12-23','jlkfs@ert.com',1,0,'1234567894'),
 ('AA','pbkdf2_sha256$390000$Ds2wz7EZCrfOmA7YK7w9ra$vacwnOWaX0UEQ6ZB7mY+ZSRxUZqwDKCArMgESp8dfcM=',NULL,'prueba A','admin','admin','123457893','2000-03-12','kkuh@gmail.com',1,1,'1234567895');
INSERT INTO "django_admin_log" ("id","object_id","object_repr","action_flag","change_message","content_type_id","user_id","action_time") VALUES (1,'1','michi lopez',1,'[{"added": {}}]',7,'','2022-10-06 00:55:53.599886'),
 (2,'1','michi lopez',1,'[{"added": {}}]',9,'','2022-10-06 00:56:19.305269'),
 (3,'1','michi lopez',2,'[{"changed": {"fields": ["Fecha de nacimiento"]}}]',7,'','2022-10-06 01:11:36.302308'),
 (4,'2','Jhorman',3,'',7,'','2022-10-06 22:42:01.897601'),
 (5,'2','Jhorman',3,'',7,'','2022-10-06 22:45:21.178110'),
 (6,'3','jldasñgksd',3,'',7,'','2022-10-06 23:10:35.675452'),
 (7,'1','michi lopez',3,'',9,'','2022-10-21 15:11:33.672634'),
 (8,'1','michi lopez',3,'',9,'','2022-10-26 16:24:24.993796'),
 (9,'3','Michi lopez el dia Lunes a las 05:34 PM',2,'[{"changed": {"fields": ["HoraClase"]}}]',16,'','2022-10-26 17:34:32.353808'),
 (10,'3','Michi lopez el dia Lunes a las 05:00 PM',2,'[{"changed": {"fields": ["HoraClase"]}}]',16,'','2022-10-26 17:34:46.549956'),
 (11,'P2J','Profesor 2',2,'[{"changed": {"fields": ["Horarios del profesor"]}}]',8,'','2022-10-26 21:23:13.254807'),
 (12,'2','michi lopez',3,'',9,'','2022-10-30 19:17:13.682314'),
 (13,'3','michi lopez',3,'',9,'','2022-10-30 19:24:15.876889'),
 (14,'4','michi lopez',3,'',9,'','2022-10-30 19:27:03.441325'),
 (15,'5','michi lopez',3,'',9,'','2022-10-30 19:28:08.336269'),
 (16,'6','michi lopez',3,'',9,'','2022-10-30 19:30:51.529055'),
 (17,'7','michi lopez',3,'',9,'','2022-10-30 19:31:55.598553'),
 (18,'8','michi lopez',3,'',9,'','2022-10-30 19:32:33.107988'),
 (19,'9','michi lopez',3,'',9,'','2022-10-30 19:33:55.900732'),
 (20,'10','michi lopez',3,'',9,'','2022-10-30 19:36:22.570411'),
 (21,'11','michi lopez',3,'',9,'','2022-10-30 19:37:28.864695'),
 (22,'12','michi lopez',3,'',9,'','2022-10-30 19:40:30.388555'),
 (23,'13','michi lopez',3,'',9,'','2022-10-30 19:44:17.837191'),
 (24,'14','michi lopez',3,'',9,'','2022-10-30 19:54:59.993417'),
 (25,'15','michi lopez',3,'',9,'','2022-10-30 19:59:07.250499'),
 (26,'16','michi lopez',3,'',9,'','2022-10-30 20:09:55.278280'),
 (27,'17','michi lopez',3,'',9,'','2022-10-30 20:13:22.446992'),
 (28,'18','michi lopez',3,'',9,'','2022-10-30 20:14:40.489135'),
 (29,'19','michi lopez',3,'',9,'','2022-10-30 20:15:42.589015'),
 (30,'20','michi lopez',3,'',9,'','2022-10-30 20:17:02.231188'),
 (31,'21','michi lopez',3,'',9,'','2022-10-30 20:19:03.573066'),
 (32,'22','michi lopez',3,'',9,'','2022-10-30 20:20:05.065639'),
 (33,'23','michi lopez',3,'',9,'','2022-10-30 20:21:45.363320'),
 (34,'24','michi lopez',3,'',9,'','2022-10-30 20:23:13.181125'),
 (35,'25','michi lopez',3,'',9,'','2022-10-30 20:24:28.119662'),
 (36,'26','michi lopez',3,'',9,'','2022-10-30 20:25:49.244259'),
 (37,'27','michi lopez',3,'',9,'','2022-10-30 20:27:00.516043'),
 (38,'28','michi lopez',3,'',9,'','2022-10-30 20:27:26.104391'),
 (39,'29','michi lopez',3,'',9,'','2022-10-30 20:29:28.268000'),
 (40,'30','michi lopez',3,'',9,'','2022-10-30 20:31:18.919389'),
 (41,'31','michi lopez',3,'',9,'','2022-10-30 20:33:39.911420'),
 (42,'32','michi lopez',3,'',9,'','2022-10-30 20:34:30.887599'),
 (43,'33','michi lopez',3,'',9,'','2022-10-30 20:35:40.867123'),
 (44,'34','michi lopez',3,'',9,'','2022-10-30 20:36:53.746314'),
 (45,'35','michi lopez',3,'',9,'','2022-10-30 20:40:56.250458'),
 (46,'36','michi lopez',3,'',9,'','2022-10-30 20:41:37.366499'),
 (47,'37','michi lopez',3,'',9,'','2022-10-30 20:42:23.430241'),
 (48,'38','michi lopez',3,'',9,'','2022-10-30 20:43:21.020197'),
 (49,'39','michi lopez',3,'',9,'','2022-10-30 20:44:01.401800'),
 (50,'40','michi lopez',3,'',9,'','2022-10-30 20:44:35.989301'),
 (51,'41','michi lopez',3,'',9,'','2022-10-30 20:48:19.914164'),
 (52,'42','michi lopez',3,'',9,'','2022-10-30 20:50:02.710121'),
 (53,'43','michi lopez',3,'',9,'','2022-10-30 20:52:34.137765'),
 (54,'44','michi lopez',3,'',9,'','2022-10-30 20:52:59.295215'),
 (55,'45','michi lopez',3,'',9,'','2022-10-30 21:03:51.613691'),
 (56,'46','michi lopez',3,'',9,'','2022-10-30 21:06:18.571890'),
 (57,'47','michi lopez',3,'',9,'','2022-10-30 21:32:22.942584'),
 (58,'48','michi lopez',3,'',9,'','2022-10-30 21:37:00.509729'),
 (59,'49','michi lopez',3,'',9,'','2022-10-30 21:37:16.840376'),
 (60,'P22','profesor 2',2,'[{"changed": {"fields": ["Niveles"]}}]',8,'','2022-10-31 14:47:53.780350'),
 (61,'PAA','prueba Admin admin',3,'',6,'','2022-10-31 16:46:47.663778'),
 (62,'1','Servicio object (1)',1,'[{"added": {}}]',18,'','2022-11-09 20:34:51.325333'),
 (63,'1','Esporadica estimulación con  matricula',2,'[]',18,'','2022-11-09 20:35:28.842590'),
 (64,'2','Esporadica chanalería con  matricula',1,'[{"added": {}}]',18,'','2022-11-09 20:36:04.622905'),
 (65,'3','Esporádica general',1,'[{"added": {}}]',18,'','2022-11-09 20:36:34.763507'),
 (66,'2','Esporádica chanalería con  matricula',2,'[{"changed": {"fields": ["Descripci\u00f3n del servicio"]}}]',18,'','2022-11-09 20:36:40.617452'),
 (67,'1','Esporádica estimulación con  matricula',2,'[{"changed": {"fields": ["Descripci\u00f3n del servicio"]}}]',18,'','2022-11-09 20:36:46.673022'),
 (68,'2','David',3,'',7,'','2022-11-09 21:13:38.912472'),
 (69,'3','David xd',3,'',7,'','2022-11-09 21:16:20.356717'),
 (70,'2','Esporádica chalanería con  matricula',2,'[{"changed": {"fields": ["Descripci\u00f3n del servicio"]}}]',18,'','2022-11-09 22:50:30.883069'),
 (71,'4','David',2,'[{"changed": {"fields": ["Seguro medico", "Poliza", "Tipo clase"]}}]',7,'','2022-11-09 23:06:20.470837'),
 (72,'4','David',2,'[{"changed": {"fields": ["Tipo clase"]}}]',7,'','2022-11-09 23:07:22.860275'),
 (73,'4','David',2,'[{"changed": {"fields": ["Tipo clase"]}}]',7,'','2022-11-09 23:08:51.529868'),
 (74,'50','michi lopez',3,'',9,'','2022-11-10 00:22:29.665578'),
 (75,'1','michi lopez',2,'[{"changed": {"fields": ["Tipo servicio"]}}]',7,'','2022-11-10 00:23:44.035365'),
 (76,'51','David',3,'',9,'','2022-11-14 18:01:19.408089'),
 (77,'53','David',3,'',9,'','2022-11-15 00:55:42.711778'),
 (78,'54','David',3,'',9,'','2022-11-15 00:56:48.485212'),
 (79,'55','David',3,'',9,'','2022-11-15 01:12:28.926446'),
 (80,'56','David',3,'',9,'','2022-11-15 01:13:04.407036'),
 (81,'57','David',3,'',9,'','2022-11-15 01:19:55.446997'),
 (82,'58','David',3,'',9,'','2022-11-15 01:20:58.695154'),
 (83,'59','David',3,'',9,'','2022-11-15 01:23:13.689770'),
 (84,'60','David',3,'',9,'','2022-11-15 01:26:59.307899'),
 (85,'61','David',3,'',9,'','2022-11-15 01:27:40.857050'),
 (86,'62','David',3,'',9,'','2022-11-15 01:28:05.736449'),
 (87,'63','David',3,'',9,'','2022-11-15 01:31:10.816707'),
 (88,'64','David',3,'',9,'','2022-11-15 01:32:14.510051'),
 (89,'65','David',3,'',9,'','2022-11-15 01:33:14.420854'),
 (90,'52','michi lopez',3,'',9,'','2022-11-15 01:34:27.832981'),
 (91,'67','michi lopez',3,'',9,'','2022-11-15 01:42:28.917222'),
 (92,'68','michi lopez',3,'',9,'','2022-11-15 03:08:07.201759'),
 (93,'66','David',3,'',9,'','2022-11-16 14:07:03.824080'),
 (94,'70','David',3,'',9,'','2022-11-16 14:35:22.018123'),
 (95,'71','David',3,'',9,'','2022-11-16 14:42:52.700830'),
 (96,'2','Chalanería Mensualidad',2,'[{"changed": {"fields": ["Tipo clase"]}}]',18,'','2022-12-20 14:38:37.236059'),
 (97,'1','Estimulación Mensualidad',2,'[{"changed": {"fields": ["Tipo clase"]}}]',18,'','2022-12-20 14:38:43.325875'),
 (98,'3','General Clase esporadica',2,'[{"changed": {"fields": ["Tipo clase"]}}]',18,'','2022-12-20 14:42:32.618102'),
 (99,'5','',3,'',7,'','2022-12-20 14:53:52.084903');
INSERT INTO "django_content_type" ("id","app_label","model") VALUES (1,'admin','logentry'),
 (2,'auth','permission'),
 (3,'auth','group'),
 (4,'contenttypes','contenttype'),
 (5,'sessions','session'),
 (6,'Usuarios','usuario'),
 (7,'Estudiantes_Profesores','estudiante'),
 (8,'Estudiantes_Profesores','profesor'),
 (9,'Estudiantes_Profesores','registro'),
 (10,'Estudiantes_Profesores','establo'),
 (11,'Estudiantes_Profesores','asistencia'),
 (12,'Niveles','nivel'),
 (13,'Picaderos','clase'),
 (14,'Picaderos','picadero'),
 (15,'Picaderos','infopicadero'),
 (16,'Estudiantes_Profesores','calendario'),
 (17,'Picaderos','estadoclase'),
 (18,'Estudiantes_Profesores','servicio');
INSERT INTO "auth_permission" ("id","content_type_id","codename","name") VALUES (1,1,'add_logentry','Can add log entry'),
 (2,1,'change_logentry','Can change log entry'),
 (3,1,'delete_logentry','Can delete log entry'),
 (4,1,'view_logentry','Can view log entry'),
 (5,2,'add_permission','Can add permission'),
 (6,2,'change_permission','Can change permission'),
 (7,2,'delete_permission','Can delete permission'),
 (8,2,'view_permission','Can view permission'),
 (9,3,'add_group','Can add group'),
 (10,3,'change_group','Can change group'),
 (11,3,'delete_group','Can delete group'),
 (12,3,'view_group','Can view group'),
 (13,4,'add_contenttype','Can add content type'),
 (14,4,'change_contenttype','Can change content type'),
 (15,4,'delete_contenttype','Can delete content type'),
 (16,4,'view_contenttype','Can view content type'),
 (17,5,'add_session','Can add session'),
 (18,5,'change_session','Can change session'),
 (19,5,'delete_session','Can delete session'),
 (20,5,'view_session','Can view session'),
 (21,6,'add_usuario','Can add usuario'),
 (22,6,'change_usuario','Can change usuario'),
 (23,6,'delete_usuario','Can delete usuario'),
 (24,6,'view_usuario','Can view usuario'),
 (25,7,'add_estudiante','Can add estudiante'),
 (26,7,'change_estudiante','Can change estudiante'),
 (27,7,'delete_estudiante','Can delete estudiante'),
 (28,7,'view_estudiante','Can view estudiante'),
 (29,8,'add_profesor','Can add profesor'),
 (30,8,'change_profesor','Can change profesor'),
 (31,8,'delete_profesor','Can delete profesor'),
 (32,8,'view_profesor','Can view profesor'),
 (33,9,'add_registro','Can add registro'),
 (34,9,'change_registro','Can change registro'),
 (35,9,'delete_registro','Can delete registro'),
 (36,9,'view_registro','Can view registro'),
 (37,10,'add_establo','Can add establo'),
 (38,10,'change_establo','Can change establo'),
 (39,10,'delete_establo','Can delete establo'),
 (40,10,'view_establo','Can view establo'),
 (41,11,'add_asistencia','Can add asistencia'),
 (42,11,'change_asistencia','Can change asistencia'),
 (43,11,'delete_asistencia','Can delete asistencia'),
 (44,11,'view_asistencia','Can view asistencia'),
 (45,12,'add_nivel','Can add nivel'),
 (46,12,'change_nivel','Can change nivel'),
 (47,12,'delete_nivel','Can delete nivel'),
 (48,12,'view_nivel','Can view nivel'),
 (49,13,'add_clase','Can add clase'),
 (50,13,'change_clase','Can change clase'),
 (51,13,'delete_clase','Can delete clase'),
 (52,13,'view_clase','Can view clase'),
 (53,14,'add_picadero','Can add picadero'),
 (54,14,'change_picadero','Can change picadero'),
 (55,14,'delete_picadero','Can delete picadero'),
 (56,14,'view_picadero','Can view picadero'),
 (57,15,'add_infopicadero','Can add info picadero'),
 (58,15,'change_infopicadero','Can change info picadero'),
 (59,15,'delete_infopicadero','Can delete info picadero'),
 (60,15,'view_infopicadero','Can view info picadero'),
 (61,16,'add_calendario','Can add calendario'),
 (62,16,'change_calendario','Can change calendario'),
 (63,16,'delete_calendario','Can delete calendario'),
 (64,16,'view_calendario','Can view calendario'),
 (65,17,'add_estadoclase','Can add estado clase'),
 (66,17,'change_estadoclase','Can change estado clase'),
 (67,17,'delete_estadoclase','Can delete estado clase'),
 (68,17,'view_estadoclase','Can view estado clase'),
 (69,18,'add_servicio','Can add servicio'),
 (70,18,'change_servicio','Can change servicio'),
 (71,18,'delete_servicio','Can delete servicio'),
 (72,18,'view_servicio','Can view servicio');
INSERT INTO "django_session" ("session_key","session_data","expire_date") VALUES ('ikt8mfxul0ibrk80aufmsmprtj197fn3','.eJxVjMsOwiAQRf-FtSGUZ3Hp3m8gAzNI1UBS2pXx35WkC92ee859sQD7VsLeaQ0LsjNjp18UIT2oDo53qLfGU6vbukQ-FH6snV8b0vNyuH8HBXoZNVLGbLRyxjkJUQr04FHjJKIiD0RWZjFLYzR8PU9WzFpZNYHPyUNk7w_cWTg6:1ogXYy:CYKSCk69GvFn4IhvZIA_ytmjfEnIZNOPtmWokm6rEC8','2022-10-20 20:33:48.420318'),
 ('8jmvlkms54vtg8ros24zo8cqq01lj74c','.eJxVjMsOwiAQRf-FtSGUZ3Hp3m8gAzNI1UBS2pXx35WkC92ee859sQD7VsLeaQ0LsjNjp18UIT2oDo53qLfGU6vbukQ-FH6snV8b0vNyuH8HBXoZNVLGbLRyxjkJUQr04FHjJKIiD0RWZjFLYzR8PU9WzFpZNYHPyUNk7w_cWTg6:1ojMri:9lLMUewubktqUhNp3N20TgxuSoTI2wqjg05PFF_0TXI','2022-10-28 15:44:50.895958'),
 ('31sw6b3yyxjnruhw13p0n390d8jy4ya5','.eJxVjMsOwiAQRf-FtSGUZ3Hp3m8gAzNI1UBS2pXx35WkC92ee859sQD7VsLeaQ0LsjNjp18UIT2oDo53qLfGU6vbukQ-FH6snV8b0vNyuH8HBXoZNVLGbLRyxjkJUQr04FHjJKIiD0RWZjFLYzR8PU9WzFpZNYHPyUNk7w_cWTg6:1olsl9:EvVfeX4vnQGOXbHErSJ8bOn9cXnSyuJsUZ7AcRREIdI','2022-11-04 14:12:27.887836'),
 ('uvs8nn3rirau6ggsu2vp788t6umydcpo','.eJxVjDkOwjAUBe_iGlnB8UpJnzNYfwsOIFvKUiHuDpFSQDtv5r1Uhm0teVtkzhOri1KnX4RAD6k75zvUW9PU6jpPqHdFH-uih8byvB7u30GBpXzrYDx6kTN66BgpWMYRDZEHkRiiJ_QGQLi36EzXE6dk08jOutgFJKfeH_TeOME:1ooW1j:UOWZdarf85QfS3dB2AkEwhaDWRb20dYzxk_Kpy6OWsQ','2022-11-11 20:32:27.464996'),
 ('a0vovtgsgy3mr64q21urqgv559olpe9o','.eJxVjDsOwjAQBe_iGlkx6y8lfc5g7dobHEC2FCcV4u4QKQW082beS0Tc1hK3zkucs7gIcfpFhOnBdef5jvXWZGp1XWaSuyKPtcuxZX5eD_fvoGAv39orfQ48OT9Z0IMHC8ozGBcsTeSQOBvwQyBkpxzpAQAsh0QqZ1RojXh_AJ-7N00:1opZnt:DKVi9OT3Sq0XzML7P4oVmYM8pDpmN7ARlL7nvGH8XQY','2022-11-14 18:46:33.753599'),
 ('mw040sxuwesg1r3xo7mcoumsghjxnnfm','.eJxVjDsOwjAQBe_iGlkx6y8lfc5g7dobHEC2FCcV4u4QKQW082beS0Tc1hK3zkucs7gIcfpFhOnBdef5jvXWZGp1XWaSuyKPtcuxZX5eD_fvoGAv39orfQ48OT9Z0IMHC8ozGBcsTeSQOBvwQyBkpxzpAQAsh0QqZ1RojXh_AJ-7N00:1osrU9:dMAW-rtBzareX-Gt7J_woIRvGk_lF_sk74-JmN37I_8','2022-11-23 20:15:45.759448'),
 ('ye005og3b8sht2smjlav44e9e95py04n','.eJxVjEEOwiAQRe_C2pAp0AFcuvcMZICpVA0kpV0Z765NutDt--_9lwi0rSVsnZcwZ3EW4vSLIqUH153nO9Vbk6nVdZmj3BV5rF1eW-bn5XD_Dgr18q2981ZhnAgHyz5N0Sl0aHDIGpJWBB4igNbG-lE7b3hURhmGjERWJxTvD5RqNlo:1otUJZ:VPAzuySTzE2Nj_nfvkZyZNjvQLBdxNQSNP9DepEZ4jI','2022-11-25 13:43:25.758933'),
 ('gcg03wr8yjas3w04sb4ev5tiqj18kwfg','.eJxVjEEOwiAQRe_C2pAp0AFcuvcMZICpVA0kpV0Z765NutDt--_9lwi0rSVsnZcwZ3EW4vSLIqUH153nO9Vbk6nVdZmj3BV5rF1eW-bn5XD_Dgr18q2981ZhnAgHyz5N0Sl0aHDIGpJWBB4igNbG-lE7b3hURhmGjERWJxTvD5RqNlo:1oudk7:6wSPlnWouJqOKLnD9LOSaQSSLEXzMTlFgyXkfcR8U5U','2022-11-28 17:59:35.551640'),
 ('1j0a2uxk1qul296khiknkdy97d57oo84','.eJxVjEEOwiAQRe_C2pAp0AFcuvcMZICpVA0kpV0Z765NutDt--_9lwi0rSVsnZcwZ3EW4vSLIqUH153nO9Vbk6nVdZmj3BV5rF1eW-bn5XD_Dgr18q2981ZhnAgHyz5N0Sl0aHDIGpJWBB4igNbG-lE7b3hURhmGjERWJxTvD5RqNlo:1oueB9:CbFoeUaaKNNLPPvjvgfCWYDoJx_f5mihfzTX5kAscI4','2022-11-28 18:27:31.682046'),
 ('w79ihjwusujkf7zb70gpylqehlc4vhyt','.eJxVjEEOwiAQRe_C2pAp0AFcuvcMZICpVA0kpV0Z765NutDt--_9lwi0rSVsnZcwZ3EW4vSLIqUH153nO9Vbk6nVdZmj3BV5rF1eW-bn5XD_Dgr18q2981ZhnAgHyz5N0Sl0aHDIGpJWBB4igNbG-lE7b3hURhmGjERWJxTvD5RqNlo:1ouhDf:ZvwvhlgPgUtmEwj3MrzdKpFD75y9C7TslEldjvvASDg','2022-11-28 21:42:19.441758'),
 ('j7w1etyg43dkwmunrjao7geraamxorrm','.eJxVjDsOwjAQBe_iGlm2l10TSnrOEO36gwPIluKkQtwdIqWAdt7Me6mR16WMa0_zOEV1Vurwi4TDI9WNxzvXW9Oh1WWeRG-K3teury2m52V3_w4K9_Kts0vigqNs6eRJSHK2FhEIWTx6Z0kgskEGByEjDIYIyMSBPLNxR_X-ALJoNtI:1p7KqV:-npT4Px94tlWeH5q7INjpvvdo81BFn8ozvcKJJrm-KY','2023-01-02 18:26:39.230627'),
 ('w2aelpxym4icrdi11n8vzjwldk9tjfse','.eJxVjDkOwjAUBe_iGlneY1HSc4bob8YBZEtZKsTdIVIKaOfNvJcaYVvruC0yjxOrs1KnX4RAD2k75zu0W9fU2zpPqHdFH-uir53leTncv4MKS_3WBgDZBBoKSjAphUE8J2spE9lsPBjnUvSZQ8KQGEspCCUaZ6N4ElDvD8txOD8:1p7dkT:-thGwuXO2fonsXKjOim4He_0KXZ0q8JcZlHxk-ugPK0','2023-01-03 14:37:41.345272');
INSERT INTO "picaderos" ("id","nombre","max_estudiantes","max_profesores","slug","nivel_id") VALUES (1,'picadero 1',2,2,'picadero-1',1),
 (2,'Arpón',2,1,'arpon',2);
INSERT INTO "registros" ("id","pagado","estudiante_id","nivel_id","profesor_id") VALUES (69,0,1,1,'P22');
INSERT INTO "Estudiantes_Profesores_calendario" ("id","diaClase","inicioClase","finClase","horaClase","registro_id","estado") VALUES (222,'1','2022-11-16','2023-11-17','11:00:00',69,1),
 (223,'2','2022-11-16','2023-11-17','09:00:00',69,1);
INSERT INTO "infoPicaderos" ("id","hora","picadero_id","dia") VALUES (1,'14:00:00',1,'1'),
 (2,'14:00:00',1,'3'),
 (3,'15:00:00',1,'1'),
 (4,'15:00:00',1,'3'),
 (5,'16:00:00',1,'3'),
 (6,'14:00:00',1,'0'),
 (7,'16:00:00',1,'1'),
 (8,'17:00:00',1,'1'),
 (9,'17:00:00',1,'3'),
 (10,'18:00:00',1,'4'),
 (11,'13:00:00',1,'2'),
 (12,'14:00:00',1,'2'),
 (13,'17:00:00',1,'4'),
 (14,'11:00:00',1,'1'),
 (15,'09:00:00',1,'2'),
 (16,'09:00:00',1,'3'),
 (17,'12:00:00',1,'1');
INSERT INTO "clasesOlvidadas" ("id","profesor_id","calendario_id") VALUES (562,'P22',222),
 (563,'P22',222),
 (564,'P22',222),
 (565,'P22',222),
 (566,'P22',222),
 (567,'P22',222),
 (568,'P22',222),
 (569,'P22',222),
 (570,'P22',222),
 (571,'P22',222),
 (572,'P22',222),
 (573,'P22',222),
 (574,'P22',222),
 (575,'P22',222),
 (576,'P22',222),
 (577,'P22',222),
 (578,'P22',222),
 (579,'P22',222),
 (580,'P22',222),
 (581,'P22',222),
 (582,'P22',222),
 (583,'P22',222),
 (584,'P22',222),
 (585,'P22',222),
 (586,'P22',222),
 (587,'P22',222),
 (588,'P22',222),
 (589,'P22',222),
 (590,'P22',222),
 (591,'P22',222),
 (592,'P22',222),
 (593,'P22',222),
 (594,'P22',222),
 (595,'P22',222),
 (596,'P22',222),
 (597,'P22',222),
 (598,'P22',222),
 (599,'P22',222),
 (600,'P22',222),
 (601,'P22',222),
 (602,'P22',222),
 (603,'P22',222),
 (604,'P22',222),
 (605,'P22',222),
 (606,'P22',222),
 (607,'P22',222),
 (608,'P22',222),
 (609,'P22',222),
 (610,'P22',222),
 (611,'P22',222),
 (612,'P22',222),
 (613,'P22',222),
 (614,'P22',223),
 (615,'P22',223),
 (616,'P22',223),
 (617,'P22',223),
 (618,'P22',223),
 (619,'P22',223),
 (620,'P22',223),
 (621,'P22',223),
 (622,'P22',223),
 (623,'P22',223),
 (624,'P22',223),
 (625,'P22',223),
 (626,'P22',223),
 (627,'P22',223),
 (628,'P22',223),
 (629,'P22',223),
 (630,'P22',223),
 (631,'P22',223),
 (632,'P22',223),
 (633,'P22',223),
 (634,'P22',223),
 (635,'P22',223),
 (636,'P22',223),
 (637,'P22',223),
 (638,'P22',223),
 (639,'P22',223),
 (640,'P22',223),
 (641,'P22',223),
 (642,'P22',223),
 (643,'P22',223),
 (644,'P22',223),
 (645,'P22',223),
 (646,'P22',223),
 (647,'P22',223),
 (648,'P22',223),
 (649,'P22',223),
 (650,'P22',223),
 (651,'P22',223),
 (652,'P22',223),
 (653,'P22',223),
 (654,'P22',223),
 (655,'P22',223),
 (656,'P22',223),
 (657,'P22',223),
 (658,'P22',223),
 (659,'P22',223),
 (660,'P22',223),
 (661,'P22',223),
 (662,'P22',223),
 (663,'P22',223),
 (664,'P22',223),
 (665,'P22',223),
 (666,'P22',223);
INSERT INTO "HistorialClases" ("id","estado","InfoPicadero_id","clase_id","fecha_cancelacion","dia") VALUES (563,1,14,562,NULL,'2022-11-21'),
 (564,1,14,563,NULL,'2022-11-28'),
 (565,1,14,564,NULL,'2022-12-05'),
 (566,1,14,565,NULL,'2022-12-12'),
 (567,1,14,566,NULL,'2022-12-19'),
 (568,1,14,567,NULL,'2022-12-26'),
 (569,1,14,568,NULL,'2023-01-02'),
 (570,1,14,569,NULL,'2023-01-09'),
 (571,1,14,570,NULL,'2023-01-16'),
 (572,1,14,571,NULL,'2023-01-23'),
 (573,1,14,572,NULL,'2023-01-30'),
 (574,1,14,573,NULL,'2023-02-06'),
 (575,1,14,574,NULL,'2023-02-13'),
 (576,1,14,575,NULL,'2023-02-20'),
 (577,1,14,576,NULL,'2023-02-27'),
 (578,1,14,577,NULL,'2023-03-06'),
 (579,1,14,578,NULL,'2023-03-13'),
 (580,1,14,579,NULL,'2023-03-20'),
 (581,1,14,580,NULL,'2023-03-27'),
 (582,1,14,581,NULL,'2023-04-03'),
 (583,1,14,582,NULL,'2023-04-10'),
 (584,1,14,583,NULL,'2023-04-17'),
 (585,1,14,584,NULL,'2023-04-24'),
 (586,1,14,585,NULL,'2023-05-01'),
 (587,1,14,586,NULL,'2023-05-08'),
 (588,1,14,587,NULL,'2023-05-15'),
 (589,1,14,588,NULL,'2023-05-22'),
 (590,1,14,589,NULL,'2023-05-29'),
 (591,1,14,590,NULL,'2023-06-05'),
 (592,1,14,591,NULL,'2023-06-12'),
 (593,1,14,592,NULL,'2023-06-19'),
 (594,1,14,593,NULL,'2023-06-26'),
 (595,1,14,594,NULL,'2023-07-03'),
 (596,1,14,595,NULL,'2023-07-10'),
 (597,1,14,596,NULL,'2023-07-17'),
 (598,1,14,597,NULL,'2023-07-24'),
 (599,1,14,598,NULL,'2023-07-31'),
 (600,1,14,599,NULL,'2023-08-07'),
 (601,1,14,600,NULL,'2023-08-14'),
 (602,1,14,601,NULL,'2023-08-21'),
 (603,1,14,602,NULL,'2023-08-28'),
 (604,1,14,603,NULL,'2023-09-04'),
 (605,1,14,604,NULL,'2023-09-11'),
 (606,1,14,605,NULL,'2023-09-18'),
 (607,1,14,606,NULL,'2023-09-25'),
 (608,1,14,607,NULL,'2023-10-02'),
 (609,1,14,608,NULL,'2023-10-09'),
 (610,1,14,609,NULL,'2023-10-16'),
 (611,1,14,610,NULL,'2023-10-23'),
 (612,1,14,611,NULL,'2023-10-30'),
 (613,1,14,612,NULL,'2023-11-06'),
 (614,1,14,613,NULL,'2023-11-13'),
 (615,1,15,614,NULL,'2022-11-15'),
 (616,1,15,615,NULL,'2022-11-22'),
 (617,1,15,616,NULL,'2022-11-29'),
 (618,1,15,617,NULL,'2022-12-06'),
 (619,1,15,618,NULL,'2022-12-13'),
 (620,1,15,619,NULL,'2022-12-20'),
 (621,1,15,620,NULL,'2022-12-27'),
 (622,1,15,621,NULL,'2023-01-03'),
 (623,1,15,622,NULL,'2023-01-10'),
 (624,1,15,623,NULL,'2023-01-17'),
 (625,1,15,624,NULL,'2023-01-24'),
 (626,1,15,625,NULL,'2023-01-31'),
 (627,1,15,626,NULL,'2023-02-07'),
 (628,1,15,627,NULL,'2023-02-14'),
 (629,1,15,628,NULL,'2023-02-21'),
 (630,1,15,629,NULL,'2023-02-28'),
 (631,1,15,630,NULL,'2023-03-07'),
 (632,1,15,631,NULL,'2023-03-14'),
 (633,1,15,632,NULL,'2023-03-21'),
 (634,1,15,633,NULL,'2023-03-28'),
 (635,1,15,634,NULL,'2023-04-04'),
 (636,1,15,635,NULL,'2023-04-11'),
 (637,1,15,636,NULL,'2023-04-18'),
 (638,1,15,637,NULL,'2023-04-25'),
 (639,1,15,638,NULL,'2023-05-02'),
 (640,1,15,639,NULL,'2023-05-09'),
 (641,1,15,640,NULL,'2023-05-16'),
 (642,1,15,641,NULL,'2023-05-23'),
 (643,1,15,642,NULL,'2023-05-30'),
 (644,1,15,643,NULL,'2023-06-06'),
 (645,1,15,644,NULL,'2023-06-13'),
 (646,1,15,645,NULL,'2023-06-20'),
 (647,1,15,646,NULL,'2023-06-27'),
 (648,1,15,647,NULL,'2023-07-04'),
 (649,1,15,648,NULL,'2023-07-11'),
 (650,1,15,649,NULL,'2023-07-18'),
 (651,1,15,650,NULL,'2023-07-25'),
 (652,1,15,651,NULL,'2023-08-01'),
 (653,1,15,652,NULL,'2023-08-08'),
 (654,1,15,653,NULL,'2023-08-15'),
 (655,1,15,654,NULL,'2023-08-22'),
 (656,1,15,655,NULL,'2023-08-29'),
 (657,1,15,656,NULL,'2023-09-05'),
 (658,1,15,657,NULL,'2023-09-12'),
 (659,1,15,658,NULL,'2023-09-19'),
 (660,1,15,659,NULL,'2023-09-26'),
 (661,1,15,660,NULL,'2023-10-03'),
 (662,1,15,661,NULL,'2023-10-10'),
 (663,1,15,662,NULL,'2023-10-17'),
 (664,1,15,663,NULL,'2023-10-24'),
 (665,1,15,664,NULL,'2023-10-31'),
 (666,1,15,665,NULL,'2023-11-07'),
 (667,1,15,666,NULL,'2023-11-14');
INSERT INTO "Estudiantes_Profesores_servicio" ("id","nombre","descripcion","tipo_clase") VALUES (1,'Estimulación','Esporádica estimulación con  matricula','2'),
 (2,'Chalanería','Esporádica chalanería con  matricula','2'),
 (3,'General','Esporádica general','1');
INSERT INTO "estudiantes" ("id","nombre_completo","fecha_nacimiento","documento","celular","email","seguro","poliza","comprobante_seguro_medico","comprobante_documento_identidad","nombre_completo_madre","cedula_madre","celular_madre","email_madre","nombre_completo_padre","cedula_padre","celular_padre","email_padre","direccion","barrio","ciudad","nombre_contactoE","telefono_contactoE","relacion_contactoE","documento_A","seguro_A","tipo_clase","estado","aceptaContrato","fecha_inscripcion","exoneracion","facturacion_electronica","tipo_servicio_id","primer_apellido","primer_nombre","segundo_apellido","segundo_nombre","direccion_facturar","email_facturar","identificacion_facturar","nombre_facturar","autorizaClub","nota") VALUES (1,'michi lopez','2000-10-06',10006610096,1234567890,'d@gmail.com','xd','nose',1,1,'jhiorns',123456789,1234567890,'kasjf@werfghj.com','jhkdsjf',1234567891,1234567894,'jksf@rt.com','medielas','kmsdf','kkjdkasd','34fghsnkma',4567893,'jidjfi','Archivos_Estudiantes/michi lopez_10006610096/documento-Capa_alas.png','Archivos_Estudiantes/michi lopez_10006610096/seguro-fb3e7a056dc5b48b966bc1011833d7d15c4bd679.png','2',1,0,'2022-10-21','Archivos_Estudiantes/michi lopez_10006610096/firma-iim.jpg',0,1,'','','','',NULL,NULL,NULL,NULL,1,NULL),
 (4,'David','2000-12-10',1234567892,NULL,NULL,'asd','asf',0,0,NULL,NULL,NULL,NULL,NULL,NULL,NULL,NULL,'CL 10 CR 13 A-10/SEGUNDO PISO','ilkjasdgjk','Medellín','jlkfadshgk',1234567892,'lkjskagkjd','Archivos_Estudiantes/David_1234567892/documento.pdf','Archivos_Estudiantes/David_1234567892/seguro_f0TO8tH.pdf','1',1,1,'2022-11-09','Archivos_Estudiantes/David_1234567892/exoneracion_iM5LTqJ.pdf',0,3,'','','','',NULL,NULL,NULL,NULL,1,NULL),
 (5,'Pepito Perez Ochoa','2000-03-15',1234567894,NULL,NULL,'','',0,0,'Maria',1234567890,1234567890,'maria@gh.com',NULL,NULL,NULL,NULL,'CL 10 CR 13 A-10/SEGUNDO PISO','kdflhj','Medellín','ljasfkgjñlgds',1234567890,'michisi','Archivos_Estudiantes/Pepito Perez Ochoa_1234567894/documento_G8g7kXk.png','Archivos_Estudiantes/Pepito Perez Ochoa_1234567894/seguro_9Z9vx41.png','1',1,1,'2022-12-20','Archivos_Estudiantes/Pepito Perez Ochoa_1234567894/exoneracion_316ml8D.png',1,3,'Perez','Pepito','Ochoa',NULL,'CL 10 CR 13 A-10/SEGUNDO PISO','maria@gh.com',1234567890,'Maria',1,'Tiene Alzheimer');
CREATE UNIQUE INDEX IF NOT EXISTS "profesores_niveles_profesor_id_nivel_id_0bcb24a0_uniq" ON "profesores_niveles" (
	"profesor_id",
	"nivel_id"
);
CREATE INDEX IF NOT EXISTS "profesores_niveles_profesor_id_d8b28e02" ON "profesores_niveles" (
	"profesor_id"
);
CREATE INDEX IF NOT EXISTS "profesores_niveles_nivel_id_27121186" ON "profesores_niveles" (
	"nivel_id"
);
CREATE INDEX IF NOT EXISTS "Estudiantes_Profesores_asistencia_estudiante_id_10f3799d" ON "Estudiantes_Profesores_asistencia" (
	"estudiante_id"
);
CREATE INDEX IF NOT EXISTS "django_admin_log_content_type_id_c4bce8eb" ON "django_admin_log" (
	"content_type_id"
);
CREATE INDEX IF NOT EXISTS "django_admin_log_user_id_c564eba6" ON "django_admin_log" (
	"user_id"
);
CREATE UNIQUE INDEX IF NOT EXISTS "django_content_type_app_label_model_76bd3d3b_uniq" ON "django_content_type" (
	"app_label",
	"model"
);
CREATE UNIQUE INDEX IF NOT EXISTS "auth_group_permissions_group_id_permission_id_0cd325b0_uniq" ON "auth_group_permissions" (
	"group_id",
	"permission_id"
);
CREATE INDEX IF NOT EXISTS "auth_group_permissions_group_id_b120cbf9" ON "auth_group_permissions" (
	"group_id"
);
CREATE INDEX IF NOT EXISTS "auth_group_permissions_permission_id_84c5c92e" ON "auth_group_permissions" (
	"permission_id"
);
CREATE UNIQUE INDEX IF NOT EXISTS "auth_permission_content_type_id_codename_01ab375a_uniq" ON "auth_permission" (
	"content_type_id",
	"codename"
);
CREATE INDEX IF NOT EXISTS "auth_permission_content_type_id_2f476e4b" ON "auth_permission" (
	"content_type_id"
);
CREATE INDEX IF NOT EXISTS "django_session_expire_date_a5c62663" ON "django_session" (
	"expire_date"
);
CREATE INDEX IF NOT EXISTS "registros_nivel_id_8b1acff6" ON "registros" (
	"nivel_id"
);
CREATE INDEX IF NOT EXISTS "registros_profesor_id_ad1e8d63" ON "registros" (
	"profesor_id"
);
CREATE INDEX IF NOT EXISTS "Estudiantes_Profesores_asistencia_picadero_id_d04067f4" ON "Estudiantes_Profesores_asistencia" (
	"picadero_id"
);
CREATE INDEX IF NOT EXISTS "Estudiantes_Profesores_calendario_registro_id_c4c7e2e4" ON "Estudiantes_Profesores_calendario" (
	"registro_id"
);
CREATE INDEX IF NOT EXISTS "infoPicaderos_picadero_id_44000906" ON "infoPicaderos" (
	"picadero_id"
);
CREATE INDEX IF NOT EXISTS "clasesOlvidadas_profesor_id_80e7804b" ON "clasesOlvidadas" (
	"profesor_id"
);
CREATE INDEX IF NOT EXISTS "clasesOlvidadas_calendario_id_52a87090" ON "clasesOlvidadas" (
	"calendario_id"
);
CREATE INDEX IF NOT EXISTS "HistorialClases_InfoPicadero_id_c1a2e82c" ON "HistorialClases" (
	"InfoPicadero_id"
);
CREATE INDEX IF NOT EXISTS "HistorialClases_clase_id_fabb80df" ON "HistorialClases" (
	"clase_id"
);
CREATE INDEX IF NOT EXISTS "estudiantes_tipo_servicio_id_9a51e684" ON "estudiantes" (
	"tipo_servicio_id"
);
COMMIT;
